id,consumption
54011,671952.345157
46101,52231.425791
41001,187336.047408
41003,56587.371337
41005,382417.023533
41007,528297.449034
41009,611903.878132
41011,320587.279639
41013,45175.192928
41015,56011.716527
41017,455792.230032
41019,509134.809850
41021,6292.368629
41023,101537.904079
41025,87514.376403
41027,109550.605111
41029,177546.379262
41031,82644.641547
41033,2164.794210
41035,43320.771642
41037,8284.105678
41039,4931686.261994
42011,2532052.512736
41041,125394.467330
41043,293482.057771
41045,27124.224386
41047,565449.361515
46103,316049.403413
41049,109122.963850
41051,892867.935461
41053,203611.837873
41055,5617.263371
41057,74390.155239
41059,1136914.883022
41061,510348.457754
41063,4389.702963
41065,650553.877012
41067,586734.677260
41069,4945.674666
41071,1066190.500269
13099,219210.422126
56007,130407.594434
6007,169801.074789
56011,221632.106144
46107,14149.147327
9009,6125929.078777
33001,194265.627503
22103,6827288.460640
33003,150821.037347
33005,224548.292831
33007,81365.136610
33009,376480.561998
33011,1135606.705874
33013,513693.411695
33015,1155319.303783
54019,318148.016691
33017,316760.665216
33019,126248.257143
42017,7325332.610506
47029,105111.147990
46109,89117.805634
56029,363236.915725
56031,67956.578407
31099,78625.188663
13105,395972.268316
56043,51788.103008
13107,386960.807303
25001,503628.250127
25003,503716.532436
54025,712173.748297
25005,3849864.973490
25007,37697.256719
25009,4192103.821254
25011,276435.440038
25013,2896913.937494
25015,823776.763076
25017,7952855.299887
25019,1061.809990
25021,3310668.844718
25023,2423298.793899
25025,2875206.122423
25027,4747682.978089
49011,438027.753244
13109,115535.618854
19193,433553.078998
9005,780308.884948
6059,5474829.907030
8053,16324.675576
13111,77040.112317
13097,1286840.431023
46049,69348.847669
13113,1231970.108608
17001,658321.677248
17003,115340.936281
17005,136060.607218
17007,337768.694628
17009,64325.548072
17011,569325.606165
17013,36969.171055
17015,161285.890244
17017,104294.444174
17019,1689717.133709
17021,258395.585773
17023,266920.122226
17025,286890.624602
17027,409315.350763
48031,42220.661898
17029,440456.789476
17031,31957357.148975
17033,176418.032132
17035,131528.928015
17037,636961.266446
17039,138268.095319
17041,170591.110989
17043,6789465.297160
31119,717029.556171
17045,155808.206788
17047,54562.793955
17049,376926.035981
17051,187856.175977
17053,191443.899462
17055,538689.804929
17057,268981.666322
17059,69621.148874
17061,115454.090646
17063,305677.116340
17065,81033.731137
17067,143508.472950
17069,19942.445887
17071,53622.054813
17073,457978.408885
17075,214003.360927
17077,439166.153810
17079,118541.083886
17081,346476.649570
17083,174232.454934
17085,259552.169034
17087,184679.572647
29211,157597.006936
17089,4234448.887461
17091,687036.837707
17093,1571567.497142
17095,411524.017461
17097,4269172.280169
17099,1761408.331605
17101,149305.176697
17103,336752.555854
17105,526925.500235
17107,228987.517239
17109,288430.298053
17111,1929876.578273
17113,1307594.961105
17115,893122.552570
17117,400615.896696
17119,2124683.796799
17121,389292.154389
17123,163865.730749
17125,101828.432459
17127,313428.615505
17129,90010.326048
17131,116674.778834
17133,338709.519589
17135,246285.676740
17137,284863.627161
17139,203928.534022
17141,506585.807152
17143,1291519.169905
17145,179919.199493
17147,143417.828264
29213,343151.062553
17149,119838.722983
17151,33171.887474
17153,88678.016026
17155,42412.819467
17157,297932.796865
17159,174476.383021
17161,75943.076184
17163,2627467.785016
31123,85360.897988
17165,284150.582060
17167,3404998.486379
17169,69532.918589
17171,38890.890563
17173,195321.207476
17175,42932.513647
17177,331492.556872
17179,1038073.694397
17181,172221.846141
17183,625461.349919
17185,223085.912977
17187,126696.777074
17189,122313.059267
17191,227841.622053
17193,240763.425663
48507,15410.904128
17195,743005.094077
17197,4737475.212494
9007,688569.035135
17201,1830256.167308
9011,2304731.217391
9013,631917.201906
9015,490512.328618
29215,218891.356297
50001,310596.764310
50003,262360.987885
50005,315934.584255
50007,1681763.708755
50009,58904.802745
50011,488159.499481
50013,8971.978450
50015,354663.786308
50017,220991.444674
50019,108742.352783
50021,436132.737186
50023,495428.317391
50025,320127.897825
50027,446978.137953
29217,162401.483050
13045,1294723.943278
29219,430681.352022
54043,150125.272245
21037,1266515.757816
1001,885188.069293
1003,5192508.796310
1005,483150.357719
1007,345246.480000
1009,786907.810601
1011,161127.371787
1013,308082.711155
1015,1822307.391105
1017,639794.514450
1019,384974.465548
1021,667275.431294
1023,198245.445098
1025,456478.969966
1027,206994.249624
1029,222233.974209
1031,1030220.512138
1033,1194559.187774
1035,253575.887312
1037,167580.587768
1039,1164644.621337
1041,278654.131181
1043,1805069.839429
1045,1295071.660882
1047,725655.038277
42009,435036.858295
1051,1225120.738775
1053,634416.147013
1055,1771325.406699
1057,262047.005108
1059,635777.368558
1061,473949.026870
1063,129118.564463
42025,347259.983825
1067,290186.069410
1069,2208551.611382
13129,1236174.380823
1071,561529.928124
42033,292300.627928
1075,219823.612341
42037,298524.191010
42039,433289.155780
42041,2273559.006149
1083,960055.000000
1085,190868.019404
40135,437712.673476
1087,450068.060400
42049,992463.139684
42051,524712.316918
42053,26587.636296
1095,2935368.271262
1097,6291983.670482
1099,568651.899408
42061,340826.312737
42063,631934.917982
42065,321599.044915
42067,192358.502279
1109,488935.861672
1111,339211.010683
1113,861778.113894
1115,1197735.026637
1117,2826498.278189
1119,195647.897124
1121,1474615.336316
42083,321129.492030
1125,2899534.815477
1127,900736.985480
1129,337170.647581
13131,604653.855222
1131,215373.064282
1133,420025.078376
42095,1795514.460475
42097,528993.421562
42099,343384.531512
6039,149014.868829
42101,8456331.966043
42103,385289.041579
42105,125588.521338
40137,1099692.861845
42107,701854.591059
42109,171609.292913
49009,4462.942888
42111,634510.001413
42113,22351.804961
42115,320991.832455
42117,280294.898140
42119,285134.594238
42121,195032.622384
42123,141150.794733
42125,746807.697078
42127,376077.952263
42129,2621903.869280
42131,212021.711979
42133,5263030.435799
29227,12295.443570
22043,396172.688766
20209,3648208.325373
48323,8725.546359
34001,529035.138240
34003,3017470.843911
34005,2929848.671644
34007,2423797.272863
34009,185235.881688
34011,957404.682503
34013,3580994.293342
34015,1367434.070135
34017,1827589.861364
34019,574816.242270
34021,1678374.783437
34023,3844742.038440
34025,2864060.981888
34027,2463752.467544
6043,9609.132487
34029,2181047.664007
34031,2579310.459902
34033,310127.184646
34035,1493687.665831
34037,772149.341841
34039,2475943.183936
34041,490458.833652
48251,144374.770561
48127,13490.494125
48007,8507.003458
54055,432499.139427
22067,403527.592617
40053,69096.711001
48019,198557.700581
6065,4912083.463599
26001,78800.807036
26003,91222.639926
26005,651690.338298
26007,217524.145835
26009,31810.307409
26011,9523.339127
26013,140654.775628
26015,96117.722213
26017,478099.964188
26019,43155.368533
26021,291875.770864
40147,812372.961777
26023,362212.874849
26025,191746.359482
26027,118577.934363
26029,95952.086449
26031,71525.505290
26033,306669.451131
26035,50093.486471
26037,422961.546650
48331,102092.012512
26039,18981.861633
26041,821800.081098
26043,281362.321285
26045,697347.786346
26047,234208.713645
26049,611423.249771
26051,15658.107065
26053,211375.991365
26055,547907.775843
26057,112078.265912
26059,148133.999624
26061,349255.197543
26063,108698.527159
26065,1805344.504676
26067,93530.223885
26069,15570.984648
26071,122824.516002
26073,62426.058419
26075,141689.398443
26077,415635.288967
26079,54947.036888
26081,902644.458424
40149,228655.230909
26083,8585.231550
26085,15565.561218
26087,129123.137527
26089,117044.601599
26091,151288.137974
26093,267953.450210
26095,69621.503193
26097,103629.916486
48333,41678.482739
26099,720493.001548
26101,79341.084762
26103,979670.455437
26105,38883.339721
26107,70420.192081
26109,411240.905441
26111,51503.459801
26113,20374.190829
26115,222774.849449
26117,102759.169461
26119,77551.054165
26121,231075.028352
26123,65139.272418
26125,1786370.481580
26127,78958.054485
26129,13148.122503
26131,98405.474682
26133,37923.201361
26135,23773.552110
26137,66539.924555
26139,1715541.310466
26141,97567.508580
40151,157974.378521
26143,14811.424421
26145,343618.916593
26147,136546.984405
26149,325686.185985
26151,125669.866146
26153,146010.062390
26155,101438.736437
26157,146999.324341
48335,58000.921234
26159,217558.722779
26161,637419.511818
26163,2248695.675081
26165,105314.348313
40051,784758.673784
18001,99980.706777
18003,1664510.020534
18005,1434914.638472
18007,170850.611361
18009,22543.162162
40153,272842.047123
18011,1131305.245850
18013,150783.423893
18015,388890.276958
18017,877918.870693
18019,1202755.361363
18021,293269.145477
18023,326847.734932
18025,123938.085041
48337,124023.821797
18027,691351.067388
18029,814460.237999
18031,288573.329109
18033,1052219.984205
18035,999038.615943
18037,1536138.006115
18039,2320744.967443
18041,203758.086536
18043,747165.299366
39063,330145.514086
18045,221802.181300
18047,293344.701513
18049,403637.317683
18051,970740.418095
18053,668090.120325
18055,669774.700262
18057,4441346.056731
18059,1341182.948605
18061,324081.841857
18063,2326972.502208
18065,473060.251828
18067,676854.580363
18069,425620.808082
18071,405485.018029
54067,522808.017837
18075,38400.949725
18077,382504.919232
18079,394876.256560
18081,2388526.582463
18083,570035.786348
18085,1769717.488732
18087,452187.483977
18089,5020176.269136
18091,1249586.362227
18093,552177.429626
18095,2779312.959854
18097,11366254.997411
18099,728484.869945
18101,140305.424593
18103,463379.114585
18105,2113142.405950
18107,862190.765773
18109,1225593.954671
48067,241417.324296
18111,160692.394377
18113,745856.639127
18115,60968.923009
18117,231902.844312
48241,442757.705317
18119,302007.099857
18121,155557.227914
18123,326125.187381
18125,400841.245264
18127,1817732.598450
31163,24435.651858
18129,586860.688637
18131,230908.846029
18133,655520.960846
18135,245450.561803
18137,312706.636607
18139,171140.617047
18141,3663007.108679
18143,353334.260416
18145,671868.043792
18147,530916.441273
18149,266979.779730
18151,445242.208037
18153,318304.216644
18155,159457.422110
18157,1543906.151336
18159,249579.615508
18161,54088.824520
18163,2625615.433758
18165,105980.748207
18167,1058048.021296
18169,481810.101942
18171,161974.718890
18173,1456377.967664
18175,326105.673215
18177,1416481.681155
18179,550189.368462
18181,490248.040631
18183,526337.253907
10001,1584413.199092
10003,1378013.918434
10005,1194617.498414
51001,340042.859273
51003,2232045.002801
51005,178340.778134
46003,51244.764540
51007,135866.384307
51009,580269.815103
51011,287256.876065
51013,2127738.407620
51015,909819.124654
51017,51383.638797
51019,1439357.110545
51021,46795.443389
51023,548383.530556
51025,206309.241164
51027,165416.451050
51029,323263.425017
51031,1043053.468813
51033,393249.754295
51035,207415.205531
51036,68954.975126
51037,150297.189707
51041,3451946.258296
51043,309796.718405
51045,36295.344541
51047,747248.173197
51049,118122.638736
51051,113847.563338
51053,358961.956321
51057,152021.636641
51059,12736185.753942
51061,1020838.568030
51063,107024.388377
51065,465024.839950
51067,971422.078602
51069,822821.735144
51071,117736.017232
51073,354871.476368
51075,318661.679651
51077,105277.617271
51079,397799.054173
51081,131494.173179
51083,636867.527507
51085,1365561.027549
51087,3030903.383039
51089,838109.626546
51091,17165.434168
51093,481173.615007
51095,664077.469975
51097,96035.100697
51099,265164.082612
51101,216750.977908
51103,121327.061618
51105,24163.168100
51107,3839562.390012
51109,499404.303609
51111,152535.735725
51113,179308.963811
51115,85571.095196
51117,384860.511699
51119,104100.761500
51121,1180066.811405
51125,358257.496197
51127,183892.754750
51131,110457.340963
51133,133202.819562
51135,204641.051616
51137,510524.400632
51139,475365.305362
51141,232587.754236
51143,1550405.901456
51145,299861.064542
51147,278457.668196
51149,473486.694597
29005,43316.390875
51153,4896680.733300
51155,307993.459687
51157,29493.889602
51159,97672.711021
51161,940935.907607
29007,379928.818043
51165,2251087.617749
51167,206507.092374
2016,4329.000000
51169,230822.627537
51171,846448.985572
2020,2643330.259863
51173,220301.108250
51175,276420.637655
51177,1707453.588468
51179,2218536.672731
51181,88006.256310
51183,195693.010276
51185,369582.021814
51187,909871.271606
51191,503535.548575
51193,189234.804772
51195,321549.854244
51197,203256.226708
51199,635508.897795
2050,51937.000000
2060,19665.000000
2068,395.000000
2070,19580.000000
48079,73371.749102
18073,516193.490023
2090,1148651.678353
2100,13992.893891
48137,6946.228767
2105,97950.932488
2110,399144.000000
2122,737205.030914
2130,172190.000000
2150,219487.000000
6073,5041663.875613
2164,55114.000000
2170,173859.709223
2180,38144.000000
2185,93912.000000
2188,21622.000000
2198,42166.354855
2220,111401.000000
6075,1410974.095856
35001,4208450.078820
35003,27787.475158
35005,1121776.940894
35006,200398.803351
35007,174382.604376
2240,81683.855884
35009,697868.588246
35011,8601.412718
35013,2359319.437564
35015,789041.902501
35017,180216.113379
35019,15910.347078
35021,6258.326330
35023,29514.347134
35025,948654.642895
35027,140123.389136
35028,677423.467082
2261,26735.000000
35031,714666.260626
35033,30396.795836
35035,993547.464629
35037,108764.737777
35039,486189.968504
35041,279692.559097
35043,944463.716221
35045,2409140.223106
35047,436616.037563
35049,1006833.050504
2282,5711.000000
35051,130290.562262
35053,58658.671979
35055,107973.900052
35057,92707.138598
2290,101555.007340
35059,53389.248113
35061,579661.080239
55003,111644.498082
51510,1411975.957684
51515,57021.754636
51530,65118.266846
51540,422768.712369
51550,2195318.321884
51570,168295.910565
27001,282119.668457
27003,464068.103861
51580,55944.783891
27005,393759.351927
27007,310938.320842
27009,482547.402938
27011,63124.026308
27013,355739.125687
27015,343345.177874
27017,512431.797648
27019,502560.369100
27021,628421.911484
27023,70980.841218
51600,224990.727653
27025,96200.695502
27027,781576.724773
27029,92726.514320
27031,103675.266740
27033,173193.118467
51610,126726.762960
27035,1332744.804206
27037,1522745.173248
27039,93412.699630
27041,482604.366198
27043,157883.642621
27045,119303.270761
27047,62993.032588
27049,307910.226491
27051,34514.726113
27053,2901741.026203
51630,263377.042073
27055,68447.833435
47001,1125158.169385
27057,357742.114848
27059,33583.081382
27061,914082.614921
27063,112366.801379
27065,55224.565932
27067,495549.082453
27069,11343.444469
27071,220111.669796
27073,41114.704693
51650,1313827.382714
27075,222392.784364
27077,31720.510606
27079,213016.958324
27081,52976.382907
27083,762702.516546
51660,491877.540459
27085,425415.362092
27087,14776.059988
27089,86005.359127
27091,236956.916052
27093,159513.000924
51670,214971.053399
27095,59190.759479
27097,606802.797838
27099,451263.240715
27101,77895.269447
51678,67195.281855
27103,180646.727069
27105,362600.073486
51683,797868.000000
27109,1660192.236222
27111,938220.149406
27113,153575.028018
27115,463813.256958
27117,43806.900328
27119,433890.902374
27121,99235.474140
27123,675200.417305
51700,1738355.788354
27125,7835.376083
27127,194116.971495
27129,119994.837795
27131,293286.415558
27133,106927.948153
51710,2365556.626115
27135,138608.252072
27137,3223019.165741
27139,945560.498234
27141,216465.194568
27143,139568.351688
27145,2634608.509369
27147,427332.236383
27149,73977.684892
27151,122486.838321
27153,535329.599643
51730,309254.072658
27155,2964.512940
27157,77887.800829
31183,17043.939693
27159,233331.655373
27161,107323.116151
27163,334466.220676
51740,928541.098603
27165,137356.400073
42093,79823.295665
27167,58467.253181
27169,133055.937843
27171,421486.487084
27173,63494.159888
47005,196996.000000
48221,175519.038555
19001,87133.895231
19003,26344.040512
19005,54891.161839
51775,79761.309432
5091,149661.952598
19009,44145.593827
19011,98495.846319
19013,605288.803772
40033,91216.016882
19017,108595.682390
19019,102563.747873
19021,122681.136768
51790,230135.186124
19023,94168.940989
19025,28583.471838
6089,1052027.960991
19027,108170.598177
19029,102530.055508
19031,86633.437118
51800,976139.295725
19033,168972.484790
19035,89150.715062
19037,138006.310690
19039,9809.321666
19041,249140.361531
51810,4282670.326558
19043,62152.533125
19045,155191.303781
19047,271823.068006
19049,193383.799394
19051,56326.143298
51820,202739.742792
19053,48938.162688
19055,40927.187657
46063,7940.146838
19057,99174.284572
19059,154158.037124
19061,143312.253284
51830,145266.045075
19063,112234.666981
19065,100629.945337
19067,45885.554290
19069,45474.097994
19071,17294.427974
51840,169275.186503
19073,38208.856221
19075,88230.351281
19077,80648.336189
19079,148508.759202
19081,60475.442215
19083,56667.697852
19085,54538.260248
19087,119999.579259
19089,31954.978499
19091,36944.994040
19093,57928.573144
19095,127458.061500
19097,84197.693752
19099,45106.889267
19101,29739.250533
19103,468601.355171
19105,56882.934822
19107,23766.498842
19109,261690.241129
19111,60750.716862
19113,626837.482687
19115,26362.614387
19117,20701.584575
19119,141805.794121
19121,100450.464334
19123,110750.581247
19125,175954.402862
19127,49312.917721
19129,21122.556411
19131,79691.468737
19133,65137.319083
19135,12658.895273
19137,35286.188249
19139,957995.844725
19141,166810.315926
19143,108821.237695
19145,45080.099447
19147,50591.786215
19149,203116.001008
19151,87388.900541
19153,699196.351460
19155,1115523.228931
19157,71613.222324
19159,18329.507198
19161,112931.268146
19163,324850.630989
19165,104824.098851
19167,411686.476999
19169,782013.891236
19171,47815.606812
19173,28982.362156
19175,53700.663788
19177,32021.394525
19179,149808.333278
19181,226765.917812
19183,75190.946536
19185,19386.670392
19187,151024.887446
19189,76812.453333
19191,81395.674117
11001,2209222.119633
19195,18400.215190
19197,45337.700911
40065,481450.076876
48259,615048.963547
37193,501342.985045
48261,1317.593476
48263,5505.624791
48265,699461.807130
42035,346613.124106
40075,131207.515619
40077,140481.309287
47015,133979.550848
37195,385758.682368
48271,8709.970449
40081,344591.112082
5093,3490834.559140
40037,1296122.939943
40083,337393.633279
48247,5943.499835
48277,91694.451235
49017,1848.442061
48279,362870.662151
47017,305419.250837
56019,260492.330047
40089,385537.898040
48283,9325.615696
40093,157494.345414
13193,163258.471841
40047,874540.973361
48287,95735.204431
40097,827332.791246
12103,9077091.723593
48291,494752.853752
40101,1058213.283187
44001,54781.112202
44003,184546.522168
44005,91986.258587
44007,757845.146308
44009,151518.137095
40103,190159.252628
13195,464932.273741
46011,461540.441786
40105,306786.417933
48299,141955.369317
12105,10696188.863883
40109,7613861.873376
40111,681440.104714
40113,1212620.984243
2013,47373.821902
48237,42447.110035
48307,93131.759558
40117,155229.758637
29195,627699.085647
40119,1186013.122612
21005,70942.318967
40121,651072.704366
21007,36370.098623
40123,674979.295802
13199,266828.812706
21009,776470.514922
6107,441502.371211
40125,620998.883978
29203,102774.162287
40127,158120.037523
21013,9353.828688
48321,86349.687527
21015,1676694.763296
20207,60954.074992
6077,2251173.394969
21017,105468.646012
49003,165220.700699
40133,246759.607046
13201,81642.223059
36001,1384537.732655
36003,468703.586568
36005,5485773.554067
36007,338546.818693
36009,494705.195113
36011,327032.822792
36013,718314.820807
36015,384018.642742
36017,333793.636529
36019,871318.180987
36021,361722.112798
36023,206427.967363
36025,77706.237243
36027,1720253.924674
36029,4021617.077411
36031,307948.657206
48391,19253.283844
36033,282779.842262
12111,2673310.833052
36035,151462.882317
36037,432145.960344
36039,281834.697312
36041,19670.374844
36043,427636.080920
36045,350976.752051
36047,10007431.286682
36049,119828.434977
36051,524335.798855
36053,393677.670702
36055,5536927.733078
36057,137457.205806
36059,811980.931144
36061,6317184.789966
36063,882824.667505
36065,1088901.150358
36067,2514041.884554
36069,876923.545269
36071,2383550.540186
36073,206261.373483
36075,334764.858583
36077,284995.874407
36079,302412.467202
36081,9441945.664764
36083,656132.534772
36085,1834427.864250
36087,970007.562058
36089,510075.682900
36091,913569.130547
48393,14413.830050
36093,426985.877199
12113,2034944.885589
36095,157837.930187
36097,87578.896662
36099,145610.905153
36101,238088.934618
36103,410205.383190
36105,338656.194007
36107,217164.142782
36109,161488.391710
36111,551651.743861
36113,180374.718277
36115,260234.908970
36117,750843.631826
36119,5047409.604341
13205,403123.374912
36121,358504.859340
36123,118689.800045
47031,466172.146884
48395,186254.559105
12115,2995594.508998
13207,413567.833706
28001,322955.004342
28003,625253.000000
28005,207805.106680
28007,351143.599814
28009,73903.669013
28011,383077.760390
28013,371748.161057
28015,179617.965964
28017,219149.848509
28019,129329.094364
48397,19721.554504
28021,94209.023976
28023,230678.596274
28025,365605.004586
28027,402335.035141
28029,430973.746154
28031,607385.787522
28033,2335512.970574
13087,421339.837551
28035,1533033.525289
28037,126805.028849
28039,303611.701356
28041,159431.985003
28043,230588.265248
28045,681456.445031
28047,3226089.127816
13209,114079.069153
28049,2493108.146603
28051,300865.754636
28053,149228.046540
28055,20035.686189
28057,151591.089546
28059,1857875.422599
28061,310890.240606
28063,76948.588529
28065,306374.086338
28067,890082.489095
28069,10059.173602
28071,636921.230840
28073,673607.543383
28075,844141.941704
28077,273424.258687
28079,506069.540602
48399,32678.531012
28081,1482386.882368
28083,601107.160000
28085,559275.567075
28087,848949.939593
28089,984866.852797
47007,234024.650345
28093,616738.852277
28095,586002.657239
28097,113048.316225
28099,431668.233780
28101,403062.968313
28103,93845.964897
28105,647324.570787
28107,463583.023096
28109,948731.966084
28111,201944.685387
28113,674565.260558
28115,582672.097398
28117,394414.072885
28119,73427.658161
28121,2469992.048523
28123,750664.650500
28125,69110.891701
28127,373991.812897
28129,380107.855430
28131,239599.184028
28133,358240.060260
8029,463036.924611
28135,239625.149170
28137,478869.276550
28139,389028.896227
28141,116765.600387
28143,98964.437968
28145,195846.628131
28147,285934.251475
47051,509831.023529
28149,691943.137968
28151,631246.648381
28153,321158.970542
28155,230463.275341
28157,95012.769515
28159,107166.180590
28161,233549.384159
28163,466701.564306
48385,18073.923878
47021,812294.427501
32003,1690365.356608
6063,10555.499600
13281,17719.615039
48389,2175.405013
20001,261391.131509
20003,149381.274748
47039,56290.493827
20007,47390.620790
48403,69855.256087
20009,489962.202237
20011,218671.224387
20013,98879.495573
20015,1141284.745581
20017,18907.923216
20019,37429.636094
20021,243187.677592
20023,36930.959906
20025,30570.942070
20027,150705.894899
20029,122304.254128
20031,211126.797542
20033,5943.546952
20035,692193.826128
13215,2357602.366891
20037,474943.370599
46015,90979.242763
20039,43572.513652
20041,170601.359713
20043,74679.526855
20045,1215605.893106
20047,36656.472903
20049,45201.385170
20051,240523.553540
20053,106140.413986
20055,1213223.190675
20057,329451.432766
20059,404981.492759
20061,272941.814152
20063,28536.770209
20065,50392.792683
47041,400641.688208
20067,71575.120222
48405,51131.325104
20069,177166.718340
20071,14748.840324
20073,112864.781841
20075,42150.389957
20077,106499.679139
13227,276732.127548
20079,581498.293339
20081,78531.867640
20083,36126.326627
20085,155468.193122
20087,126337.430358
20089,25853.780493
20091,5274714.637478
20093,79777.308826
20095,189708.628344
20097,37383.327217
20099,625993.267815
20101,20904.298571
20103,752718.189964
20105,59657.729631
20107,141705.626849
20109,38772.796366
20111,224559.892491
20113,1548508.929834
20115,249630.803817
20117,77676.502087
20119,57547.980699
20121,179028.430019
20123,93907.841157
20125,770325.561522
47043,357195.437769
20127,43145.226594
20129,29742.254359
20131,133404.105398
20133,539999.489658
20135,32310.920568
20137,80570.048122
20139,213806.324917
20141,67750.329943
20143,62725.869146
20145,75841.992394
20147,57834.738947
20149,223353.950810
20151,125676.041187
20153,25466.387402
20155,1408290.956816
20157,50045.290848
20159,116584.564011
20161,479005.620297
20163,87481.536334
20165,45598.356944
20167,177607.057049
20169,680941.651494
20171,68104.658715
20173,5354345.026452
20175,278371.208216
20177,1067759.939014
20179,33913.354159
20181,105393.808401
20183,22082.163918
20185,44441.339202
47045,697923.648227
20187,35544.558078
20189,97564.092075
20191,360891.409876
20193,137394.713892
12003,263969.617414
12005,2742104.497758
12007,299794.172705
12009,6571023.029092
12011,15873477.269319
20205,224337.930683
39135,434814.577954
12015,1422226.435684
12017,1170563.031034
12019,3460561.298110
12021,2908495.613274
12023,1093312.944651
40015,442782.905699
12027,268790.346157
12029,142486.911861
12031,15774026.283303
12033,3374933.521053
12035,1270093.736030
12037,49454.828157
12039,303774.060910
12041,100648.865096
53003,135238.276018
53005,2823120.615750
53007,51529.464157
53009,1179241.584412
53011,4354792.000000
53013,11879.843202
47047,475251.348434
53015,5223627.763477
48411,71156.842326
53017,1570718.836276
12059,331692.414777
53021,1226702.628358
53023,2125.429854
48035,24457.302128
53025,2448876.213768
53027,485155.127969
53029,679161.756625
53031,294113.015267
53033,15239145.307530
12075,339911.626109
53037,1156252.388608
53039,14688.363650
53041,678578.490030
12083,3780162.624072
12085,1128774.314735
12086,20163514.841968
53047,777995.721610
12089,1632060.916945
8063,140431.072368
12091,2374716.408226
53053,4013890.056770
12095,20361271.630656
12097,6149001.149497
5045,1294083.398316
12099,10691443.491858
12101,6589139.804078
53063,3467309.183998
53065,288884.398579
12107,632484.999267
12109,3414943.225461
53071,176503.923505
53073,404221.256612
53075,377437.089572
48413,7301.416278
12117,5102908.921030
12119,991225.338324
12121,701656.354552
12123,186217.372630
12125,132035.158025
12127,6773898.161760
12129,210777.601206
12131,772228.196103
12133,397408.504789
13225,380444.161719
46127,99070.844226
48415,59246.377682
4001,318496.157919
4003,1776959.187845
4005,956549.009161
4007,559866.123237
4009,458218.221648
4011,1744129.359166
4012,842.621822
4013,41975603.771397
4015,2857919.845520
4017,467251.858097
4019,13704670.709545
4021,5321797.702426
4023,589724.311225
4025,1183125.691256
4027,960111.228032
48459,244134.352830
8045,1614645.477713
45001,408957.423402
47053,590354.252738
45003,1937938.581294
45005,161418.422300
45007,918114.573530
45009,221072.288877
45011,252763.917881
45013,2619343.392472
45015,6385288.258688
45017,165743.241098
45019,4429786.720360
45021,510133.379665
45023,181363.109544
45025,214205.737427
45027,295624.798584
45029,419226.981256
45031,191382.304485
45033,558072.938460
45035,1933409.870232
45037,350398.085413
45039,371821.051437
45041,1043613.611373
45043,1717381.562189
45045,2182947.117742
45047,1264332.705836
45049,334649.129426
45051,7159022.752029
45053,403449.597977
45055,1224995.793369
45057,564730.670443
45059,476629.694218
31015,17757.184501
45061,124528.969590
47055,339708.291299
45063,3467756.128742
45065,154713.598416
45067,90989.263657
45069,531623.653597
45071,777835.367279
45073,411692.382348
45075,1832485.278054
45077,691228.505790
45079,4617123.874335
45081,286005.480329
45083,1582714.082253
5101,11018.279542
45085,543550.458414
45087,523706.082758
45089,188341.820456
45091,2084720.028790
48255,93576.154819
47057,248259.153344
39147,867318.218331
47119,1003319.002582
55075,580283.243110
47059,1358236.444597
48491,5177454.521998
37001,751936.884463
37003,245017.955851
37005,38330.147712
37007,106015.043202
37009,94838.918817
37011,93590.515698
37013,658193.709421
37015,286768.460688
37017,258373.260881
37019,543988.068288
37021,818678.418055
37023,814672.134104
37025,1562108.644468
37027,706439.223255
37029,117205.356488
37031,158654.597582
37033,90474.364588
37035,911036.763222
37037,372976.912174
37039,85981.727490
37041,289901.246860
37043,26355.734697
37045,652002.678956
37047,364842.456634
37049,1044534.476779
47061,78705.657385
37051,3294125.563269
37053,281003.689949
37055,509399.278100
37057,1051273.598938
37059,129788.454745
37061,359551.861174
37063,1213611.528873
37065,1227586.817355
37067,1684780.319486
37069,135443.213118
37071,1762649.581439
37073,133549.448610
37075,21530.246024
37077,889081.757034
37079,70416.771840
37081,2475670.020385
37083,779806.467438
37085,326685.200738
37087,134445.052618
37089,359508.786868
37091,274599.404338
37093,147702.132520
37095,63614.376395
37097,954539.477323
37099,155329.512288
37101,1201878.406832
37103,96268.704629
37105,96316.398127
37107,703254.299625
37109,413057.325802
47063,1523968.665408
37111,210287.140988
37113,101066.981836
37115,18222.815987
37117,313334.492544
37119,4098213.457266
37121,34161.736694
37123,88192.308078
37125,298002.485211
37127,1753866.184750
37129,177773.254652
37131,269880.642830
37133,1210747.082188
21033,471320.003489
37135,540488.536625
37137,30309.832060
37139,769092.417485
37141,275722.898025
37143,201343.455240
37145,586925.069581
37147,4254273.798938
37149,87994.293966
37151,953501.323407
37153,71832.037992
37155,1171345.593494
37157,290542.527190
37159,580100.453210
37161,459498.936105
37163,303904.904495
37165,262525.650228
37167,583261.623360
37169,175468.982477
47065,4130359.636532
37171,227400.598417
37173,34907.421653
37175,81224.862726
37177,39819.070143
37179,1465435.496172
37181,120917.537899
37183,3921758.636184
37185,260916.450090
37187,140962.541316
37189,445164.681904
37191,502762.594361
29001,381854.480482
29003,94257.615109
37197,142934.147728
37199,15386.120383
29009,304460.584210
40019,748405.689012
29011,161416.376343
29013,217274.249530
29015,245781.534371
29017,266299.036316
29019,3423202.816252
29021,589559.837778
29023,936082.728915
29025,122321.153007
29027,737667.144202
29029,719302.569212
29031,1520851.326963
29033,144795.702124
29035,22368.267607
29037,1099057.269902
29039,156330.090703
29041,154294.152692
29043,568063.859452
29045,103698.140950
29047,4458198.688942
29049,434453.695870
29051,970613.941913
29053,284089.872406
29055,415004.690136
29057,72291.243147
29059,81443.400764
29061,170666.755097
29063,273160.776867
48159,86976.365650
29065,148576.921503
29067,125171.750594
29069,703129.068544
29071,1287374.810796
29073,270082.296097
29075,136903.393912
29077,3763025.620318
29079,151751.119212
29081,93870.860389
21231,182.130706
29085,19778.806587
29087,29803.465267
13287,139054.665900
29089,178909.244192
29091,351203.789199
29093,130290.473513
29095,7067605.780183
29097,632968.257252
47069,431324.597264
29099,3142344.474093
29101,541489.853451
29103,53308.711064
29105,427617.450895
29107,434575.798982
29109,270403.742961
29111,112747.608089
29113,697097.815240
29115,309531.130529
29117,435131.022190
29119,109728.886532
29121,293464.251229
29123,201113.261476
29125,131735.154151
29127,767102.708567
29129,22920.931684
29131,339441.356949
29133,163627.715464
29135,236322.091969
29137,200749.508115
29139,165888.928653
29141,226922.070898
29143,473006.503199
29145,129993.183587
29147,149927.062378
29149,81294.821597
29151,156114.524727
29153,59327.305694
29155,224281.873096
29157,259178.961814
47071,454196.544558
29159,999391.978592
29161,957658.291178
29163,261042.820257
29165,938982.582155
51163,386663.858319
29167,87299.743126
29169,982354.223062
29171,63577.074968
29173,203777.192444
29175,444605.578421
29177,423759.547125
29179,107247.345126
29181,50197.434833
29183,4570559.838549
29185,85308.128436
29186,242022.102204
29187,1102149.119525
29189,9837902.887628
13057,2752639.037441
21001,141675.241201
21003,22509.586439
29197,49147.682513
29199,78977.441573
29201,682132.383328
21011,110972.366886
29205,92872.529145
29207,447399.538806
29209,162596.164058
21019,713255.455430
21021,47011.759136
21023,164213.556533
21025,299837.171762
21027,638209.012548
21029,1085911.836232
21031,151393.290278
29225,230887.789812
21035,508022.707713
29229,151085.809323
21039,57584.462976
21041,56015.728376
21043,471812.788557
21045,75705.340437
21047,820481.623071
21049,37749.985475
21051,369467.092398
21053,11467.297797
21055,258352.982636
21057,28757.860755
21059,3447467.035821
21061,117641.958515
21063,155261.780351
21065,48909.252986
21067,759448.887404
21069,125921.078135
21071,630366.435482
21073,396135.002321
21075,76211.211276
21077,117922.366342
21079,90946.861281
21081,562492.583960
21083,504359.880885
21085,362957.413880
21087,98612.068596
21089,604872.950864
21091,256118.037648
21093,1639441.577916
21095,47512.613629
21097,32714.771733
21099,160852.479134
21101,1875963.405980
21103,197701.472748
21105,27736.494761
21107,1648905.228681
21109,49915.304585
21111,9141387.138806
21113,283067.447845
21115,377088.884629
21117,2197396.436492
21119,258545.775465
21121,141765.941488
21123,112724.296548
21125,158015.961770
21127,286016.110496
21129,45631.470509
21131,187313.466113
21133,347964.277268
21135,404441.132842
21137,96443.495640
21139,405004.000951
21141,443304.259864
21143,235370.320282
8069,4620902.779672
21145,907070.219756
21147,6155.231877
21149,265094.563593
21151,640785.841573
21153,257197.310810
21155,115329.060164
21157,366171.916358
21159,205541.313770
21161,151513.029944
21163,437437.664540
21165,27132.774670
21167,87684.434119
21169,72340.729102
21171,12045.334250
21173,28388.808788
21175,275225.623977
21177,1045493.011158
13253,111817.797524
21179,306537.324286
21181,71091.589050
21183,870366.195534
21185,703242.694973
21187,55313.224276
21189,79315.604580
5051,159250.989569
21191,241021.526299
13001,232046.244158
13003,104170.382102
21197,37986.064687
21199,168906.494693
13009,582332.328564
21203,67365.829121
21205,605776.325579
21207,60060.334743
21209,299070.896743
21211,860043.973199
13021,2285158.097393
21215,242941.031594
21217,171884.553502
13027,259642.816733
13029,456096.323442
21223,101030.941994
21225,420262.356701
13035,295635.976661
13037,74484.191277
13039,495759.679753
21233,405106.658204
13043,112142.241125
21237,47545.707088
21239,189084.953400
54009,819399.907794
13051,196626.519184
54013,98917.338221
54015,186715.442843
54017,109935.923488
9003,3757003.732368
54021,113573.683618
54023,169969.519322
13065,62589.058436
54027,33053.860743
54029,394603.909334
54031,19270.848259
8073,77457.902515
54033,926392.310427
54035,583140.449638
54037,76049.109536
54039,1367150.853597
54041,219938.815741
17199,799994.388991
54045,252103.432983
54047,147872.492049
54049,761421.456430
5073,25468.607844
54051,698349.590677
54053,188817.638561
13095,1824743.548713
39171,594163.620712
54057,402033.879121
54059,180839.330852
13101,51553.245855
13103,573102.152167
54065,24368.388374
17203,518475.696195
54069,941089.370382
54071,98137.745380
54073,98501.555373
54075,112807.083992
54077,440989.683333
13119,343276.532212
13121,13810072.170234
13123,313404.034108
54085,133089.491054
29510,3340774.635492
13127,779602.809262
54089,274026.398465
54091,226983.929746
8075,144633.375115
54093,90614.674471
54095,117601.579960
54097,328508.576437
13139,2720876.150378
54101,117120.831042
54103,593812.879490
54105,75867.376576
54107,1125952.946039
13149,145360.175703
5075,104589.817887
13151,2345411.220664
13153,1669233.879773
13115,1512509.139136
13157,771226.003828
13159,187073.770153
13161,190741.432361
13163,190067.919125
13165,109061.681254
13117,2019702.854241
13169,305142.692210
13171,329172.088226
13173,133882.256059
13175,829289.636549
13177,555938.289317
54079,391990.685692
13181,73538.351678
13183,203346.844776
13185,1467584.057190
13187,473885.253509
13189,210214.873956
54081,563606.891223
5001,31179.920033
5003,22344.106627
13197,108977.123969
5007,1762851.528232
5009,6560.786224
5011,66822.270486
5013,20319.441716
5015,97581.601575
5017,11877.897061
5019,41719.832343
8059,3976158.446027
5021,39894.543328
13125,36142.927513
5025,17837.813903
5027,1859.596464
5029,56573.639876
5031,1410504.974663
5033,458403.379571
54087,292755.753119
13229,237786.528020
13231,275824.427289
13233,433628.290537
13235,126181.759027
46005,265748.002765
5047,133273.920583
5049,55142.060591
13243,87886.782393
29083,154092.754453
5053,66799.988219
29221,263117.251262
13247,951278.180691
13249,87322.997139
13251,177816.640253
5061,72859.900710
13255,960583.882128
13257,356250.345905
13259,62037.143035
13261,395671.366561
13133,171395.251758
46033,12006.186972
46035,301708.635949
5077,42502.200635
5079,29181.829365
46039,44771.008373
13273,92942.919746
13135,12473244.987037
5085,115096.146565
46047,17573.372489
5089,91456.714612
13283,74355.741037
13285,1410394.634836
13263,79197.406607
13137,432428.976786
13289,110641.662690
5099,135005.253999
46061,57367.164677
5103,97026.576215
46065,364181.734381
54099,288619.267048
5109,58472.337052
46071,40495.372189
13291,36116.606005
46073,49416.615322
46075,8371.001605
5117,49168.567640
13141,101774.172892
5121,29607.370490
5123,116085.177206
5125,435262.185855
5127,38777.399653
5129,8175.745630
13143,299072.884154
46093,240050.166997
5135,104718.691643
5137,90569.247056
5139,0.502377
5141,17392.559294
13145,402737.495035
46105,15252.760782
39087,221410.185364
5149,39666.516021
46111,44767.851518
46113,75034.669581
13265,16013.756891
13147,316282.666056
46117,50374.272132
46119,18305.826333
46121,81301.886439
46123,67070.287332
46125,100651.066755
54109,165557.789207
46129,32786.948338
46135,257196.885750
46137,38056.264391
55027,1187994.743075
13237,225900.499450
13155,131792.121492
39099,711287.457672
38001,108927.610976
38003,208853.640267
38005,65719.271835
38007,35352.564871
38009,83141.707126
38011,151621.196049
38013,20616.132564
38015,387080.810887
38017,1419866.197388
38019,23503.834138
38021,78480.965455
40001,197242.608236
38023,21533.801708
38025,150963.532484
38027,20383.157625
38029,14595.740132
38031,17003.791157
38033,71530.463947
38035,307458.320233
38037,8374.132249
38039,20237.195671
38041,160691.576536
13167,138464.563448
38045,61573.010737
38047,21135.117775
38049,79212.700717
38051,29230.060239
38053,206685.475844
38055,161588.664576
38057,351058.123743
38059,100314.455754
38061,137927.941583
38063,25789.871571
38065,29741.066410
38067,45363.143140
38069,74644.792849
38071,122763.549956
38073,78412.183359
38075,35007.848884
38077,241062.185779
38079,171902.435167
38081,55863.305037
40003,66834.414150
38083,11560.105308
38085,15479.456581
5087,10476.986224
38087,46491.656649
38089,355084.131751
38091,14089.550320
38093,299197.952896
38095,11671.330149
38097,100849.601739
38099,112418.896035
38101,1057064.273156
13271,194999.288981
38103,41609.572811
38105,270671.380469
20005,132864.786770
13179,823208.893374
29223,83836.721775
39123,549868.102666
54083,381714.641041
40005,263125.385678
35029,292180.038116
49007,87370.647854
51735,116514.772501
13293,468313.500035
47009,3199871.844813
13191,164524.092257
47099,560130.373082
30001,38422.336679
30003,404841.999287
30005,52148.818569
30007,23643.569099
30009,136863.227451
40007,33774.326644
30011,9135.146429
30013,380557.354554
30015,44900.735966
30017,54209.262644
30019,4944.336944
30021,51629.136978
30023,37938.727534
30025,14976.918107
30027,80943.827096
30029,1052001.366913
13275,977471.858176
5005,184383.229969
30033,1480.953882
2275,89275.455287
16003,2151.031775
30037,3477.988630
30039,13719.450592
30041,104283.365930
30043,46848.611261
30045,9441.343935
30047,291411.631639
30049,299160.274710
30051,31478.600388
30053,185789.753576
30055,6398.259789
30057,31741.973075
30059,11798.206401
30061,18364.653639
30063,756385.784510
30065,25437.989735
30067,193057.650865
30069,961.127597
13239,28802.726113
30071,28597.222306
30073,71684.268484
30075,47370.924537
30077,31241.527040
30079,3938.292250
30081,217557.410861
30083,376739.809328
30085,48373.102248
30087,65684.683319
30089,201872.196048
13277,661862.640926
30091,30619.743773
30093,141263.050735
30095,51400.432403
30097,20318.329579
30099,23825.827961
30101,42950.397223
30103,1592.846221
30105,51959.698834
30107,8694.971576
30109,28576.925229
30111,850347.348453
13005,140971.278868
13211,252661.240963
13213,576580.956999
40011,264067.121038
5023,68655.107065
13279,319024.230055
13217,1469498.637381
46013,475533.245846
39159,589996.033244
13219,466892.331964
13007,32676.405480
13221,187200.456683
13223,1938895.695509
40013,530401.710210
22001,1266503.686612
22003,469759.641140
22005,2540526.773062
22007,290124.602257
22009,857461.590125
22011,639780.119096
22013,229122.086228
22015,1746940.050592
22017,989353.975202
54007,188544.528428
5035,459766.829493
22021,117098.125373
22023,91427.710874
22025,198771.780580
22027,215966.804850
22029,329409.408802
5037,73695.482396
22033,5250594.213838
22035,103533.349579
22037,453110.379463
22039,393596.536386
22041,299218.915692
5039,61498.736088
22045,1417768.971410
22047,865201.620500
22049,175750.713031
22051,4705651.091235
22053,613828.040371
5041,25946.286549
22057,1217885.278923
21193,410037.075611
22059,266898.498465
22061,862010.310952
22063,2987768.786275
22065,166935.903990
5043,58248.751870
22069,1079843.476753
22071,9021038.532609
22073,1992778.776238
22075,258835.036171
22077,458782.792761
22079,3333441.630214
22081,184873.429112
46017,25431.934847
22083,285919.951539
22085,416290.609912
22087,450563.086750
22089,569092.385319
46007,9754.630438
22093,235400.162508
22095,485466.090079
13295,1602528.840800
22097,1603893.672751
22099,1730623.808535
22101,600519.692059
13011,287160.548792
46009,105587.227463
22105,3048049.902013
22107,72142.200020
22109,1759210.900988
22111,287947.185981
22113,1373342.776359
22115,1030278.902871
22117,1332673.189547
21195,928806.537005
22119,810598.088474
22121,296082.586876
22123,157241.616503
22125,182439.756635
22127,236564.295345
48201,11706492.110708
5055,630032.647873
46019,68293.650878
47011,2118041.818574
40039,491853.264396
5057,398146.955524
48253,80825.615689
13013,911574.865033
5059,61117.515120
46021,8336.071127
13241,162032.126351
31003,62888.584500
49021,77623.895180
5063,141045.706360
5065,60652.673748
5067,9078.312074
13015,1789028.315671
5069,276652.746414
55001,108795.747498
5071,425132.916502
55005,722012.709374
40021,1169015.518721
55007,115078.803068
55009,3312540.812557
55011,107101.819263
55013,61366.087658
55015,822874.639716
55017,683009.434059
55019,316179.266427
55021,356139.683769
55023,190657.845861
55025,9199430.939579
13267,439783.889692
55029,358091.100812
46023,84992.818929
55031,768019.744389
55033,454188.797250
55035,782013.501069
55037,74195.796436
13269,101851.210241
55041,120455.553335
55043,376143.334302
55045,257475.404981
55047,99882.910754
55049,131606.794611
13017,440645.250727
55051,83872.667759
55053,344359.614371
55055,1120387.137491
22019,3606879.245649
55057,209710.787596
55059,1650343.338854
55061,194945.628534
5081,44328.874516
55065,134111.154703
21201,22396.781538
55067,227750.142501
55069,394335.243468
5107,86625.318530
49025,2429.405114
55073,2700455.589721
5083,277536.958566
5113,71003.662300
55077,87758.204339
55078,21701.880212
55079,5434801.304323
55081,571543.121456
55083,704129.220171
55085,483438.707200
55087,3218812.885271
55089,604673.554199
46025,41532.162501
55091,64006.918401
55093,364074.557626
55095,463767.187039
55097,1488765.672164
55099,92443.829146
55101,1109135.450939
55103,226973.037813
55105,1697612.815184
55107,123443.070917
55109,924692.721628
13019,265114.922097
55111,780998.143373
55113,143470.808743
55115,1082661.333055
55117,1442701.688377
55119,286653.834803
55121,364017.812061
55123,381898.234989
55125,454294.065138
55127,1149318.750986
55129,181904.028691
55131,974755.657286
49027,75207.655197
55133,2468792.739734
55135,1086132.718580
55137,440330.452376
55139,3352193.170517
55141,1248589.877341
48209,892881.315764
5095,45635.775259
46027,101627.698412
6001,1208548.153848
6003,611.314444
6005,19877.388720
5097,17447.793274
6009,24028.740233
6011,11471.546527
13297,1271255.494660
6013,595256.509861
6015,738.424002
6017,97023.874851
6019,927537.415312
6021,15018.029794
6023,72296.259318
6025,184637.403113
6027,55706.771361
6029,837402.189073
6031,148179.911801
6033,34360.921263
40027,2216085.483480
6035,151882.505745
6037,32703279.978043
5111,52577.443056
6041,137433.478572
47003,450711.232596
6045,157584.304831
6047,1196561.287794
6049,5942.676062
6051,9379.205066
47013,242068.879273
5105,16945.966028
6057,83895.524388
46029,601879.348502
47019,458423.574522
6061,3594598.251194
47023,117086.354454
47025,163794.755965
6067,9144427.039008
6069,30549.069512
6071,2791884.321973
47033,102587.166396
47035,144488.736758
47037,120189.000000
13023,144716.769227
6079,147522.315627
6081,396806.998819
6083,549706.469640
6085,4843414.723785
6087,143163.611412
47049,45410.963107
6091,1678.465264
6093,24911.873721
6095,242868.886408
6097,337648.912889
6099,2561985.481301
49031,550.329967
6101,50849.221384
6103,33984.355863
6105,105085.195851
47067,4140.406777
6109,178549.533471
6111,368523.944104
6113,109498.342350
6115,39197.718497
47077,348921.931555
46031,56214.612533
47079,450638.000000
47081,308405.118811
47083,107259.163802
47085,184712.590866
47087,67144.215540
47089,692434.064814
47091,17489.772663
13025,254731.358202
47093,4633111.543817
47095,19489.744397
47097,394512.681298
5119,1580529.128455
47101,142874.375486
47103,393110.317246
47105,817703.906718
47107,957346.138555
47109,102619.018682
47111,169824.765629
47113,2368913.145984
40031,1707900.976978
47115,319480.179551
47117,462937.271100
5115,85379.405752
47121,29634.360574
47123,347681.693426
47125,2702260.801259
47127,31025.142974
47129,232774.244531
48215,1712781.152135
47131,480500.343226
47133,186354.507082
13299,519831.559010
47137,37014.276429
47139,53833.439888
47141,1261596.904048
47143,591043.963313
47145,823700.228154
47147,1509485.474224
47149,7792944.907184
47151,204404.930977
47153,135833.153095
47155,1806371.952370
47157,14057523.000000
47159,250952.017643
47161,59773.180593
47163,3162579.510563
47165,3946630.497042
47167,383882.548313
47169,65378.505048
5131,1328552.991829
47173,239906.651258
47175,21799.259887
47177,298075.086086
47179,1640943.768925
47181,147914.695657
47183,384987.142719
47185,373916.243233
47187,4804366.915115
47189,2482280.858656
48217,86537.570583
39001,122159.339529
46095,45058.951160
39005,371716.922979
39007,833848.260863
39009,272914.353934
39011,1002624.186033
39013,317011.710020
39015,676621.673470
39017,4104394.906349
39019,195493.341362
39021,305856.369325
39023,903982.218105
39025,1408096.986155
39027,498063.186936
39029,661444.845181
39031,155951.075693
22031,273832.238326
39033,303340.881234
39035,11690373.839630
39037,516125.801701
39039,601462.167505
48051,210213.192495
39041,1982193.645499
21213,308173.731038
39043,288144.152406
39045,565671.591954
39047,285824.630077
49037,30957.723219
39049,9616575.088567
39051,467069.921220
39053,109828.206544
39055,746599.785878
39057,1026480.472056
48219,445878.698284
39059,164507.479488
39061,4971483.031179
1049,711893.529164
39065,300247.820067
46037,73323.413006
39067,70998.677193
39069,432372.586718
39071,588740.487471
39073,112559.861209
39075,274476.275108
39077,485928.097638
39079,290279.738720
39081,467695.275969
39083,410119.157787
39085,2059488.159985
42013,482917.172988
39089,819226.410244
39091,440488.517591
39093,2900586.577655
39095,3824051.843566
39097,447966.392900
42015,254901.588335
39101,490254.421054
39103,1637195.751750
39105,84181.069285
39107,319610.356002
49039,83393.228643
39109,836448.058599
39111,90210.146506
39113,5365473.580029
39115,58405.474464
39117,236276.255241
39119,403250.313066
39121,69868.705323
42019,1549793.982493
39125,81560.837157
39127,161130.194876
39129,401785.240268
39131,139965.553158
39133,1303613.826895
42021,516317.696094
39137,454885.522435
39139,1033164.267052
39141,599075.452001
39143,1154195.651446
39145,385767.938060
13033,239759.542897
39149,357156.152617
39151,2675707.997743
39153,6721249.199989
39155,1991369.597937
39157,884331.067900
1065,225023.537976
39161,216751.468043
13245,2773704.450432
39163,58791.710345
39165,2332891.164006
39167,212477.358381
49041,19765.341160
39169,827479.505892
42027,1120273.302713
8039,161059.009393
39173,2182648.583817
39175,242149.030985
42029,5799969.421949
46041,39961.270773
31107,132032.841788
31001,699549.889164
42031,273729.125005
31005,5233.449279
31007,8180.030540
31009,908.578606
31011,124274.871687
31013,219052.236731
1073,9344012.434191
31017,19143.112488
31019,355053.123904
31021,84295.067702
31023,74333.366691
31025,226468.815866
31027,68612.004371
31029,100687.411897
31031,166843.878111
31033,157550.175355
31035,165115.857216
49043,43201.902009
31037,484425.797989
31039,101865.128384
31041,195051.139297
51595,54992.818679
31045,39153.837103
12001,5262713.647107
31049,22991.211183
1079,936209.385564
31053,828910.435488
46043,32668.563716
31055,4612072.670969
31057,29727.318516
20195,24547.436652
31061,41348.640838
1081,2700818.364827
31065,84932.849446
31067,286594.649663
31069,21810.697357
20197,66587.206218
31073,24915.783674
42043,1684113.751418
31077,70074.104948
31079,1105284.217228
47135,79208.736580
31081,121327.152471
20199,25282.308179
31085,17459.704423
42045,3061676.984509
31089,179720.071208
31091,10242.163371
31093,100596.567411
20201,84563.929312
31097,85182.688078
42047,214293.488733
31101,107601.906691
31103,7913.307922
31105,24235.193460
20203,15725.039436
31109,6554036.555401
31111,910305.306781
31113,1366.403235
46045,101171.333240
31115,7350.560051
31117,2756.714360
12013,339224.798827
31121,191423.461121
1091,297535.986757
31125,82616.742602
31127,99411.231550
31129,40312.572815
31131,165498.488676
31133,24136.613201
1093,470590.499381
31137,219803.254717
31139,162515.316232
31141,746566.387844
31143,25219.638497
31145,179429.518262
31043,296832.457682
42055,1446421.355748
31149,6342.639604
31151,184443.692548
31153,1439401.688043
31155,366940.344199
31157,233661.253722
42057,82254.125755
31161,36936.544339
31135,34930.179869
31165,15326.211616
31167,63482.227562
31169,72829.899827
42059,136456.105110
13313,2730802.648020
31173,67109.283820
31175,67709.170333
31177,195001.901349
31179,222343.750677
31181,28899.296888
1101,3483769.774552
31185,264835.572008
13301,64214.319456
23001,784763.779539
1103,2977185.973874
23005,2069527.196227
23007,223241.205236
23009,624680.024353
23011,887408.945366
23013,298528.288803
1105,165294.605432
23017,419337.364841
23019,1806107.971763
23021,196960.432916
23023,255869.214688
23025,656005.868578
1107,282096.628575
23029,300543.467170
23031,1554635.822238
42069,1036426.204811
13315,139385.056722
31147,146798.595866
42071,3287049.776530
42073,177772.984851
31047,488894.560411
42075,812114.169492
21227,1615905.739241
5133,59669.451104
42077,2127632.846186
53001,521057.296873
42079,1639828.519711
13317,194058.816973
46051,60909.087494
12043,134454.734629
42081,1465577.964626
31159,181191.000000
12045,81240.815168
1123,852350.126189
12047,109615.440659
42085,639196.402179
1089,5043804.000000
21229,48745.082165
12049,389082.807089
42087,159278.007071
12051,482830.362046
42089,1010215.664392
13319,119824.360709
46053,28960.431862
12053,1455532.786443
42091,9413558.227084
12055,1329479.128777
13047,1410864.745670
31171,1223.222559
12057,12809485.328199
15001,1085171.000000
31051,82279.104736
15003,6975995.000000
15005,651.583381
15007,433159.000000
15009,1144180.416619
53019,60938.838681
12061,1792203.117003
13321,508299.144065
46055,19009.739862
12063,1003530.282953
56001,455007.127831
56003,91486.399711
56005,1432604.155917
12065,116526.248495
56009,15339.199416
13049,138668.264142
56013,208688.090825
56015,145947.699601
56017,24577.540318
12067,71464.630476
56021,927294.102613
56023,89635.616506
56025,399378.683981
56027,17733.236514
47073,741585.282741
12069,2570933.854087
56033,749122.898119
56035,40206.734239
56037,51476.643688
56039,84193.463708
56041,23988.772467
12071,5639496.093866
56045,179125.661793
46057,73743.158346
12073,4543122.082958
13303,332174.510128
53035,411763.222884
12077,58665.768706
21235,70424.453526
12079,155196.173509
23003,763701.586635
12081,2589837.074631
46059,69426.041243
53043,287718.075357
53045,181565.222334
13053,165093.705503
22055,4906018.385401
12087,1912107.105361
55039,1927334.579277
27107,41612.863196
53049,119347.561971
5143,2276957.381216
53051,1070863.578079
23015,248942.598157
12093,361201.665685
55063,908231.323645
13031,832894.679203
42023,20629.207585
53055,195166.000000
13055,352453.214058
48001,82727.911970
48003,191197.936723
48005,373620.373872
53057,61432.680765
48009,38700.541779
31059,120322.826813
48011,22682.204609
48013,495889.606535
48015,119850.986573
48017,159248.357365
53059,130864.987026
5145,169736.116820
48021,251800.263643
48023,31026.115267
48025,17541.827312
48027,621885.985877
48029,21116817.635664
53061,5897676.576051
48033,9010.236284
38043,22356.802560
48037,620426.837313
48039,158039.232960
48041,2634726.006886
48043,1456.671345
48045,23197.227233
48047,18853.197482
48049,122479.222605
23027,443406.233490
48053,131461.307013
48055,268638.765095
48057,60175.879766
48059,51912.445129
32017,76628.000000
48061,1914263.767685
48063,76197.013609
48065,58406.169749
53067,873876.901101
48069,349386.831022
48071,94738.516944
48073,91991.305863
48075,85645.923917
48077,25322.606755
53069,52945.905224
5147,48504.188214
48081,10102.916590
48083,59658.196493
48417,26396.519907
48085,2423159.177858
48087,25516.254461
48089,113542.777695
48091,1887873.503805
48093,60197.341482
48095,14653.133012
48097,120774.486527
48099,205583.659528
48101,25829.407975
48103,0.000000
48105,4715.465375
48107,106350.234458
48109,12357.634563
48111,83671.916125
48113,3880222.742837
48115,161766.464032
48117,609335.289435
48119,10400.992055
13059,1675520.252306
48121,3727724.500360
48123,239032.525091
48125,18413.849363
53077,446310.319381
48129,64749.867756
31063,71111.403139
48131,30540.866110
48133,78096.162219
48135,1466463.708091
47075,452208.193119
48139,387160.287410
48141,4465563.017296
48143,31366.560077
48145,69072.679455
48147,114602.185075
48149,180401.182849
48151,17870.170289
48153,129580.564537
48155,18795.419991
48157,0.000000
46067,64318.158710
48161,65162.173998
48163,23335.042879
48165,240613.499922
48167,790275.925857
48169,113657.462417
48171,233547.597560
13305,416685.950048
48173,2710.733164
48175,27161.700529
48177,169061.865481
48179,315326.562670
13061,31981.476114
48181,344943.086456
48183,834310.794250
48185,89280.785620
48187,2706917.789945
48189,835956.722515
48191,37083.114113
48193,22232.996673
48195,101844.877200
48197,16408.611841
48199,219142.538088
40009,289668.426586
48203,353169.540414
48205,70921.515982
48207,21644.123745
40017,1106216.315348
48211,68973.221966
48213,31285.728741
40023,220230.071414
40025,1012.859726
46069,14849.489684
40029,123733.239759
48223,174764.841423
55071,2075834.816912
48225,84685.354206
49015,285.221760
40035,249211.180636
48229,17994.828524
48231,629385.284942
48233,394983.063043
48235,5137.058502
40045,51254.068534
48239,78647.107737
13063,2812012.359790
40049,302161.126800
48243,364.246541
48245,659602.652423
40055,110085.588510
40057,105355.624089
40059,31710.230334
40061,221190.589809
40063,262396.494952
48257,67623.653852
40067,147286.532087
40069,269805.828324
40071,1179355.334171
40073,158073.246588
48267,17987.196632
48269,1242.445320
40079,1122975.068850
48273,48103.405981
48275,3062.849249
40085,102090.573453
40087,753050.405673
48281,148411.399417
40091,353682.976742
48285,209259.875590
40095,169575.617519
48289,73764.042316
40099,117234.091589
48293,116617.595475
48295,55451.653768
48297,23777.070756
40107,212536.871787
48301,0.000000
48303,6839667.003423
48305,86182.151332
40115,547937.261603
48309,346633.779294
48311,2312.169346
48313,68314.621747
48315,49137.573508
48317,11632.416382
48319,42874.291949
40129,59961.707138
40131,1418558.287215
48325,619182.690198
48327,12597.316345
48329,1485424.204827
40139,8912.630426
40141,148176.625125
40143,11194546.586404
40145,1400118.877100
48339,2209829.707364
54005,169769.515552
48341,257161.887683
48343,102408.561763
48345,20827.356633
48347,390313.861683
48349,75753.551149
48351,129760.901178
48353,92595.237433
48355,739143.507107
48357,171287.924996
48359,68516.406875
13067,9107386.644022
48361,375126.678176
48363,86901.476769
48365,216380.422513
8061,38055.426053
48369,406523.985174
31071,39320.157254
48371,19697.049769
48373,265216.366358
48375,1407051.274167
48377,1181.518815
48379,54081.193306
48381,1455736.439760
48383,11339.315565
32001,116175.993107
48387,105502.198005
32005,78086.993464
32007,115119.134777
32009,1428.980142
32011,4004.059657
32013,34092.898382
32015,9810.699983
48401,577533.639613
32019,85142.326718
32021,7796.076810
48407,107563.610907
48409,23283.226473
32027,11239.039577
32029,6542.127515
32031,747476.050265
32033,615.439199
48419,235557.088413
13069,871516.292394
48421,36402.081469
48423,1475033.909433
48425,6838.883908
48427,164518.254293
48429,43135.135665
48431,2545.077248
48433,10794.823165
48435,8833.009434
48437,147330.721063
48439,5255955.286888
48441,210398.535660
48443,145.446761
48445,212366.654722
48447,8363.309490
48449,258986.561911
48451,413280.983608
48453,10894640.311566
48455,71285.424646
48457,85215.258119
46077,75742.791915
48461,5538.399985
48463,41777.089615
48465,61524.693334
48467,279321.086256
48469,282065.998129
48471,382432.015984
13307,28557.593942
48473,194039.621370
48475,0.000000
48477,436502.170575
48479,333640.346599
13071,866739.479100
48481,97137.497040
48483,113971.567170
48485,72958.079404
48487,141929.235766
48489,33981.333880
31075,3434.953607
48493,695282.803592
48495,0.000000
48497,248264.872449
48499,267280.647787
48501,105439.287195
48503,42164.929961
48505,16124.609988
19007,27939.940118
8085,546101.444203
46079,142034.854862
8087,396480.490617
8089,256713.002485
13073,1277436.464773
47171,63882.875935
8091,60737.502335
19015,42877.763695
54061,1306168.824289
49053,1041449.147652
49055,919.724975
24001,102966.964924
24003,2192257.502250
46081,72300.992275
24005,3258180.577007
8097,230995.097776
24009,357436.946687
24011,107645.892015
24013,899350.348833
24015,335310.160632
24017,62.692978
24019,107349.110669
24021,410982.059680
24023,50114.566692
13075,234988.950448
24025,1284218.777753
24027,1610106.590666
24029,66320.738274
24031,8905983.144681
24033,6586668.349211
24035,160070.668123
24037,45.339365
24039,322559.474285
24041,379880.582535
24043,536165.318585
24045,331475.086119
24047,210197.818942
46083,183725.445017
13077,1949090.055666
8111,4207.421194
21219,69767.751765
40041,509391.683348
46085,50764.995411
13079,199092.814202
8121,33274.755549
31083,13755.550164
1077,1171431.000000
48367,546863.698973
46087,21815.457564
16001,224694.888701
6053,228878.706236
13309,81016.509815
16005,48177.519302
16007,154.335008
16009,88883.397830
16011,26175.436978
13081,325362.712435
16013,246597.485860
16015,3750.841049
16017,247007.018364
16019,1042214.855133
16021,66051.109692
16023,7628.216637
16025,591.341387
16027,106500.803691
16029,53447.772871
16031,292678.442941
16033,644.912266
16035,45563.810839
16037,48238.429031
16039,14449.393825
16041,334.732347
16043,834.198111
16045,9176.782980
16047,8357.918047
16049,151132.817656
16051,1715.890244
46089,45825.856919
16053,12343.976674
16083,43149.785342
16055,868688.564335
16057,202019.203246
16059,69116.772820
16061,30063.280123
16063,2899.001690
16065,2419.688666
16067,330796.717705
16069,210114.835488
16071,3538.614306
13083,272492.177366
16073,9278.897089
16075,12462.135037
16077,6522.151859
16079,67440.598030
16081,647.114082
31087,45227.593926
16085,5234.140681
16087,54754.270326
54063,269034.360356
54001,261879.979448
8041,10497722.906469
46091,61509.958613
32510,90709.529417
13085,239398.165215
54003,149338.271184
42001,591316.869930
48249,77282.341816
32023,91041.330646
8001,3427641.266264
8003,162442.315994
8005,4194538.585122
8007,131465.365538
8009,34859.658392
8011,87794.982521
8013,2832487.937178
8014,48804.903439
8015,139599.174190
8017,39141.881601
8019,58458.392237
21221,79218.165972
8021,83372.211428
8023,42460.765592
8025,44644.767019
8027,45156.132382
28091,360473.115886
8031,3576699.525015
42003,15697317.612464
8033,13720.441199
8035,2052647.721797
8037,504203.823753
40043,137867.123159
49001,29806.392082
8043,535550.931251
49005,493620.243248
8047,35585.594164
8049,91059.136156
39003,511146.808675
8051,393529.766714
49013,58086.281935
8055,48739.003769
8057,954.322099
49019,244.337622
13089,7895622.110988
49023,75854.389661
8065,50146.918947
22091,250663.072707
8067,569386.350174
49029,19095.493072
8071,161651.513796
49033,59.522495
49035,452984.565310
8077,1699419.759984
8079,10787.022877
8081,280966.684638
8083,151593.625382
49045,21812.819157
49047,137444.463914
49049,1678205.079062
49051,226476.005563
42005,501494.220555
8093,103682.991706
8095,31453.138256
49057,6183.621353
8099,232001.307190
46097,52725.669721
8101,1617269.954262
8103,145020.560198
8105,132041.648575
8107,156320.067097
8109,108584.902078
6055,74623.336796
13311,366313.692740
8113,52185.818455
8115,11811.866984
8117,178636.933454
8119,357378.983074
13091,277108.368663
8123,2622467.117901
8125,118034.364545
24510,2480116.940570
48227,20813.982683
31095,35719.575115
46115,111851.278652
42007,1563244.470130
30031,509012.481522
47027,45724.549465
46099,766918.748039
9001,6115657.520858
30035,19776.749310
13093,238201.718355
